area_fips,year,qtr,area_title,qtrly_estabs_count,month1_emplvl,month2_emplvl,month3_emplvl
20005,2011,1,"Atchison County, Kansas",12,204,206,205
20005,2011,2,"Atchison County, Kansas",12,214,227,215
20005,2011,3,"Atchison County, Kansas",12,210,198,201
20005,2011,4,"Atchison County, Kansas",13,203,196,190
20011,2011,1,"Bourbon County, Kansas",9,188,188,201
20011,2011,2,"Bourbon County, Kansas",10,203,230,226
20011,2011,3,"Bourbon County, Kansas",10,223,221,219
20011,2011,4,"Bourbon County, Kansas",11,223,224,221
20013,2011,1,"Brown County, Kansas",5,109,97,99
20013,2011,2,"Brown County, Kansas",5,116,113,113
20013,2011,3,"Brown County, Kansas",5,115,112,114
20013,2011,4,"Brown County, Kansas",5,113,102,96
20021,2011,1,"Cherokee County, Kansas",9,144,143,150
20021,2011,2,"Cherokee County, Kansas",11,188,200,208
20021,2011,3,"Cherokee County, Kansas",11,208,217,226
20021,2011,4,"Cherokee County, Kansas",11,189,197,189
20037,2011,1,"Crawford County, Kansas",27,1019,1004,1053
20037,2011,2,"Crawford County, Kansas",26,906,908,894
20037,2011,3,"Crawford County, Kansas",27,858,881,911
20037,2011,4,"Crawford County, Kansas",26,911,906,924
20087,2011,1,"Jefferson County, Kansas",4,46,44,47
20087,2011,2,"Jefferson County, Kansas",4,45,44,49
20087,2011,3,"Jefferson County, Kansas",5,49,49,52
20087,2011,4,"Jefferson County, Kansas",4,48,50,47
20091,2011,1,"Johnson County, Kansas",349,6653,6559,6734
20091,2011,2,"Johnson County, Kansas",356,6861,7084,7195
20091,2011,3,"Johnson County, Kansas",359,7109,7119,6909
20091,2011,4,"Johnson County, Kansas",364,6984,6960,6947
20103,2011,1,"Leavenworth County, Kansas",31,528,538,573
20103,2011,2,"Leavenworth County, Kansas",31,582,587,596
20103,2011,3,"Leavenworth County, Kansas",31,585,585,573
20103,2011,4,"Leavenworth County, Kansas",31,560,543,524
20107,2011,1,"Linn County, Kansas",3,0,0,0
20107,2011,2,"Linn County, Kansas",3,0,0,0
20107,2011,3,"Linn County, Kansas",3,0,0,0
20107,2011,4,"Linn County, Kansas",3,0,0,0
20121,2011,1,"Miami County, Kansas",13,257,246,252
20121,2011,2,"Miami County, Kansas",13,259,269,284
20121,2011,3,"Miami County, Kansas",13,275,267,262
20121,2011,4,"Miami County, Kansas",12,0,0,0
20209,2011,1,"Wyandotte County, Kansas",95,1684,1651,1737
20209,2011,2,"Wyandotte County, Kansas",96,1749,1756,1760
20209,2011,3,"Wyandotte County, Kansas",96,1810,1825,1778
20209,2011,4,"Wyandotte County, Kansas",92,1754,1733,1717
29003,2011,1,"Andrew County, Missouri",6,80,83,85
29003,2011,2,"Andrew County, Missouri",6,92,95,100
29003,2011,3,"Andrew County, Missouri",7,97,95,101
29003,2011,4,"Andrew County, Missouri",6,85,87,81
29011,2011,1,"Barton County, Missouri",7,190,181,185
29011,2011,2,"Barton County, Missouri",7,225,221,220
29011,2011,3,"Barton County, Missouri",7,221,213,212
29011,2011,4,"Barton County, Missouri",7,205,202,205
29013,2011,1,"Bates County, Missouri",6,140,133,136
29013,2011,2,"Bates County, Missouri",6,149,158,148
29013,2011,3,"Bates County, Missouri",6,153,154,144
29013,2011,4,"Bates County, Missouri",6,145,143,140
29021,2011,1,"Buchanan County, Missouri",63,1345,1342,1379
29021,2011,2,"Buchanan County, Missouri",60,1423,1445,1411
29021,2011,3,"Buchanan County, Missouri",60,1375,1397,1358
29021,2011,4,"Buchanan County, Missouri",61,1350,1381,1368
29037,2011,1,"Cass County, Missouri",51,940,904,944
29037,2011,2,"Cass County, Missouri",51,952,1011,1029
29037,2011,3,"Cass County, Missouri",52,994,978,952
29037,2011,4,"Cass County, Missouri",52,956,968,931
29047,2011,1,"Clay County, Missouri",132,2685,2675,2748
29047,2011,2,"Clay County, Missouri",132,2877,3007,3003
29047,2011,3,"Clay County, Missouri",132,3002,3013,2902
29047,2011,4,"Clay County, Missouri",135,2928,2948,2962
29087,2011,1,"Holt County, Missouri",3,50,50,49
29087,2011,2,"Holt County, Missouri",3,54,58,58
29087,2011,3,"Holt County, Missouri",3,56,53,43
29087,2011,4,"Holt County, Missouri",3,45,49,49
29095,2011,1,"Jackson County, Missouri",496,9354,9281,9572
29095,2011,2,"Jackson County, Missouri",497,9741,10000,10151
29095,2011,3,"Jackson County, Missouri",495,10050,10053,9942
29095,2011,4,"Jackson County, Missouri",497,10079,10105,9997
29097,2011,1,"Jasper County, Missouri",100,1792,1790,1880
29097,2011,2,"Jasper County, Missouri",101,1956,1979,2095
29097,2011,3,"Jasper County, Missouri",97,1986,1953,2010
29097,2011,4,"Jasper County, Missouri",99,1996,2005,1988
29145,2011,1,"Newton County, Missouri",28,539,546,579
29145,2011,2,"Newton County, Missouri",28,587,621,657
29145,2011,3,"Newton County, Missouri",28,621,650,640
29145,2011,4,"Newton County, Missouri",27,563,561,552
29165,2011,1,"Platte County, Missouri",64,1102,1141,1276
29165,2011,2,"Platte County, Missouri",61,1286,1294,1273
29165,2011,3,"Platte County, Missouri",62,1250,1241,1206
29165,2011,4,"Platte County, Missouri",61,1229,1245,1273
29217,2011,1,"Vernon County, Missouri",13,248,245,254
29217,2011,2,"Vernon County, Missouri",13,272,277,279
29217,2011,3,"Vernon County, Missouri",13,274,271,277
29217,2011,4,"Vernon County, Missouri",13,259,257,258
20005,2012,1,"Atchison County, Kansas",12,200,210,210
20005,2012,2,"Atchison County, Kansas",12,229,241,233
20005,2012,3,"Atchison County, Kansas",12,220,226,226
20005,2012,4,"Atchison County, Kansas",12,227,222,223
20011,2012,1,"Bourbon County, Kansas",11,215,217,227
20011,2012,2,"Bourbon County, Kansas",12,238,249,254
20011,2012,3,"Bourbon County, Kansas",12,239,235,268
20011,2012,4,"Bourbon County, Kansas",11,252,240,239
20013,2012,1,"Brown County, Kansas",6,109,107,112
20013,2012,2,"Brown County, Kansas",7,113,110,108
20013,2012,3,"Brown County, Kansas",6,117,122,128
20013,2012,4,"Brown County, Kansas",6,112,120,121
20021,2012,1,"Cherokee County, Kansas",11,192,180,188
20021,2012,2,"Cherokee County, Kansas",11,192,199,197
20021,2012,3,"Cherokee County, Kansas",10,196,213,212
20021,2012,4,"Cherokee County, Kansas",10,215,208,215
20037,2012,1,"Crawford County, Kansas",25,890,894,892
20037,2012,2,"Crawford County, Kansas",25,912,880,858
20037,2012,3,"Crawford County, Kansas",25,862,891,915
20037,2012,4,"Crawford County, Kansas",24,913,932,917
20087,2012,1,"Jefferson County, Kansas",3,0,0,0
20087,2012,2,"Jefferson County, Kansas",3,0,0,0
20087,2012,3,"Jefferson County, Kansas",2,0,0,0
20087,2012,4,"Jefferson County, Kansas",2,0,0,0
20091,2012,1,"Johnson County, Kansas",378,7371,7380,7504
20091,2012,2,"Johnson County, Kansas",368,7749,8041,8107
20091,2012,3,"Johnson County, Kansas",368,8070,8029,7743
20091,2012,4,"Johnson County, Kansas",375,7708,7706,7813
20103,2012,1,"Leavenworth County, Kansas",28,496,497,506
20103,2012,2,"Leavenworth County, Kansas",27,510,520,506
20103,2012,3,"Leavenworth County, Kansas",28,524,533,527
20103,2012,4,"Leavenworth County, Kansas",28,548,521,524
20107,2012,1,"Linn County, Kansas",3,0,0,0
20107,2012,2,"Linn County, Kansas",3,0,0,0
20107,2012,3,"Linn County, Kansas",2,0,0,0
20107,2012,4,"Linn County, Kansas",2,0,0,0
20121,2012,1,"Miami County, Kansas",11,0,0,0
20121,2012,2,"Miami County, Kansas",11,0,0,0
20121,2012,3,"Miami County, Kansas",11,0,0,0
20121,2012,4,"Miami County, Kansas",12,232,252,255
20209,2012,1,"Wyandotte County, Kansas",93,1808,1825,1886
20209,2012,2,"Wyandotte County, Kansas",92,1893,1922,1912
20209,2012,3,"Wyandotte County, Kansas",90,1917,1956,1871
20209,2012,4,"Wyandotte County, Kansas",90,1904,1882,1876
29003,2012,1,"Andrew County, Missouri",7,83,79,89
29003,2012,2,"Andrew County, Missouri",7,93,98,100
29003,2012,3,"Andrew County, Missouri",7,95,101,97
29003,2012,4,"Andrew County, Missouri",7,90,90,89
29011,2012,1,"Barton County, Missouri",7,217,212,216
29011,2012,2,"Barton County, Missouri",8,214,223,229
29011,2012,3,"Barton County, Missouri",8,242,234,232
29011,2012,4,"Barton County, Missouri",8,227,218,220
29013,2012,1,"Bates County, Missouri",6,144,143,148
29013,2012,2,"Bates County, Missouri",6,138,150,148
29013,2012,3,"Bates County, Missouri",6,165,158,150
29013,2012,4,"Bates County, Missouri",6,112,113,110
29021,2012,1,"Buchanan County, Missouri",58,1278,1327,1362
29021,2012,2,"Buchanan County, Missouri",58,1406,1444,1417
29021,2012,3,"Buchanan County, Missouri",58,1390,1410,1405
29021,2012,4,"Buchanan County, Missouri",59,1428,1440,1432
29037,2012,1,"Cass County, Missouri",54,906,907,956
29037,2012,2,"Cass County, Missouri",53,980,1012,1017
29037,2012,3,"Cass County, Missouri",52,1009,1027,983
29037,2012,4,"Cass County, Missouri",52,966,936,958
29047,2012,1,"Clay County, Missouri",137,2941,2985,3022
29047,2012,2,"Clay County, Missouri",140,3060,3191,3199
29047,2012,3,"Clay County, Missouri",138,3178,3214,3111
29047,2012,4,"Clay County, Missouri",136,3221,3151,3208
29087,2012,1,"Holt County, Missouri",3,50,49,52
29087,2012,2,"Holt County, Missouri",3,52,49,53
29087,2012,3,"Holt County, Missouri",3,55,51,50
29087,2012,4,"Holt County, Missouri",3,47,50,51
29095,2012,1,"Jackson County, Missouri",496,9671,9719,9949
29095,2012,2,"Jackson County, Missouri",505,10058,10291,10332
29095,2012,3,"Jackson County, Missouri",505,10330,10492,10281
29095,2012,4,"Jackson County, Missouri",508,10226,10337,10285
29097,2012,1,"Jasper County, Missouri",97,1950,1924,2045
29097,2012,2,"Jasper County, Missouri",97,2105,2076,2063
29097,2012,3,"Jasper County, Missouri",98,2025,2020,1999
29097,2012,4,"Jasper County, Missouri",101,1963,1951,1997
29145,2012,1,"Newton County, Missouri",25,461,464,491
29145,2012,2,"Newton County, Missouri",24,539,576,561
29145,2012,3,"Newton County, Missouri",23,510,493,516
29145,2012,4,"Newton County, Missouri",23,498,496,490
29165,2012,1,"Platte County, Missouri",62,1274,1278,1273
29165,2012,2,"Platte County, Missouri",62,1317,1358,1343
29165,2012,3,"Platte County, Missouri",62,1324,1336,1302
29165,2012,4,"Platte County, Missouri",60,1343,1383,1369
29217,2012,1,"Vernon County, Missouri",13,249,243,259
29217,2012,2,"Vernon County, Missouri",12,245,241,242
29217,2012,3,"Vernon County, Missouri",12,244,237,218
29217,2012,4,"Vernon County, Missouri",13,234,239,230
20005,2013,1,"Atchison County, Kansas",13,255,252,264
20005,2013,2,"Atchison County, Kansas",13,262,266,262
20005,2013,3,"Atchison County, Kansas",13,254,259,261
20005,2013,4,"Atchison County, Kansas",13,262,261,254
20011,2013,1,"Bourbon County, Kansas",11,218,213,221
20011,2013,2,"Bourbon County, Kansas",11,236,244,244
20011,2013,3,"Bourbon County, Kansas",11,243,232,252
20011,2013,4,"Bourbon County, Kansas",11,252,256,246
20013,2013,1,"Brown County, Kansas",6,111,111,116
20013,2013,2,"Brown County, Kansas",5,109,111,113
20013,2013,3,"Brown County, Kansas",5,126,126,107
20013,2013,4,"Brown County, Kansas",5,120,120,104
20021,2013,1,"Cherokee County, Kansas",11,190,209,225
20021,2013,2,"Cherokee County, Kansas",11,239,244,217
20021,2013,3,"Cherokee County, Kansas",10,226,227,221
20021,2013,4,"Cherokee County, Kansas",10,213,207,214
20037,2013,1,"Crawford County, Kansas",23,810,836,850
20037,2013,2,"Crawford County, Kansas",23,891,856,813
20037,2013,3,"Crawford County, Kansas",25,754,730,743
20037,2013,4,"Crawford County, Kansas",25,794,782,842
20087,2013,1,"Jefferson County, Kansas",2,0,0,0
20087,2013,2,"Jefferson County, Kansas",2,0,0,0
20087,2013,3,"Jefferson County, Kansas",2,0,0,0
20087,2013,4,"Jefferson County, Kansas",2,0,0,0
20091,2013,1,"Johnson County, Kansas",389,7715,7628,7779
20091,2013,2,"Johnson County, Kansas",395,7956,8140,8256
20091,2013,3,"Johnson County, Kansas",408,8215,8214,7850
20091,2013,4,"Johnson County, Kansas",402,7991,8009,7979
20103,2013,1,"Leavenworth County, Kansas",30,550,556,571
20103,2013,2,"Leavenworth County, Kansas",31,568,572,596
20103,2013,3,"Leavenworth County, Kansas",32,645,653,630
20103,2013,4,"Leavenworth County, Kansas",32,622,597,585
20107,2013,1,"Linn County, Kansas",2,0,0,0
20107,2013,2,"Linn County, Kansas",2,0,0,0
20107,2013,3,"Linn County, Kansas",2,0,0,0
20107,2013,4,"Linn County, Kansas",2,0,0,0
20121,2013,1,"Miami County, Kansas",12,0,0,0
20121,2013,2,"Miami County, Kansas",12,0,0,0
20121,2013,3,"Miami County, Kansas",12,0,0,0
20121,2013,4,"Miami County, Kansas",12,0,0,0
20209,2013,1,"Wyandotte County, Kansas",88,1821,1798,1801
20209,2013,2,"Wyandotte County, Kansas",89,1836,1867,1866
20209,2013,3,"Wyandotte County, Kansas",98,2101,1879,1803
20209,2013,4,"Wyandotte County, Kansas",96,1845,1835,1818
29003,2013,1,"Andrew County, Missouri",7,82,85,84
29003,2013,2,"Andrew County, Missouri",7,87,84,87
29003,2013,3,"Andrew County, Missouri",7,78,85,91
29003,2013,4,"Andrew County, Missouri",6,80,82,79
29011,2013,1,"Barton County, Missouri",8,213,209,205
29011,2013,2,"Barton County, Missouri",8,254,251,255
29011,2013,3,"Barton County, Missouri",8,267,268,266
29011,2013,4,"Barton County, Missouri",8,241,236,228
29013,2013,1,"Bates County, Missouri",6,128,121,129
29013,2013,2,"Bates County, Missouri",6,149,151,160
29013,2013,3,"Bates County, Missouri",7,159,157,155
29013,2013,4,"Bates County, Missouri",7,150,147,144
29021,2013,1,"Buchanan County, Missouri",61,1407,1433,1436
29021,2013,2,"Buchanan County, Missouri",61,1475,1506,1534
29021,2013,3,"Buchanan County, Missouri",62,1531,1544,1480
29021,2013,4,"Buchanan County, Missouri",62,1464,1466,1427
29037,2013,1,"Cass County, Missouri",54,978,980,999
29037,2013,2,"Cass County, Missouri",55,1030,1056,1089
29037,2013,3,"Cass County, Missouri",56,1084,1043,1010
29037,2013,4,"Cass County, Missouri",55,1044,1029,1032
29047,2013,1,"Clay County, Missouri",137,3122,3055,3108
29047,2013,2,"Clay County, Missouri",137,3185,3215,3261
29047,2013,3,"Clay County, Missouri",137,3324,3360,3259
29047,2013,4,"Clay County, Missouri",140,3245,3175,3214
29087,2013,1,"Holt County, Missouri",3,48,52,56
29087,2013,2,"Holt County, Missouri",3,50,52,53
29087,2013,3,"Holt County, Missouri",2,0,0,0
29087,2013,4,"Holt County, Missouri",3,0,0,0
29095,2013,1,"Jackson County, Missouri",499,10042,10073,10185
29095,2013,2,"Jackson County, Missouri",495,10379,10702,10755
29095,2013,3,"Jackson County, Missouri",499,10782,10680,10531
29095,2013,4,"Jackson County, Missouri",506,10775,10681,10671
29097,2013,1,"Jasper County, Missouri",98,1832,1821,1886
29097,2013,2,"Jasper County, Missouri",100,2001,2094,2037
29097,2013,3,"Jasper County, Missouri",96,1905,1860,1850
29097,2013,4,"Jasper County, Missouri",97,1888,1880,1878
29145,2013,1,"Newton County, Missouri",25,555,548,566
29145,2013,2,"Newton County, Missouri",25,609,633,619
29145,2013,3,"Newton County, Missouri",24,579,583,616
29145,2013,4,"Newton County, Missouri",26,591,649,654
29165,2013,1,"Platte County, Missouri",61,1250,1222,1231
29165,2013,2,"Platte County, Missouri",60,1261,1285,1321
29165,2013,3,"Platte County, Missouri",62,1313,1333,1300
29165,2013,4,"Platte County, Missouri",61,1294,1314,1305
29217,2013,1,"Vernon County, Missouri",12,211,219,222
29217,2013,2,"Vernon County, Missouri",12,245,260,257
29217,2013,3,"Vernon County, Missouri",11,261,256,233
29217,2013,4,"Vernon County, Missouri",13,256,246,247
20005,2014,1,"Atchison County, Kansas",13,244,248,267
20005,2014,2,"Atchison County, Kansas",11,249,262,258
20005,2014,3,"Atchison County, Kansas",11,258,260,239
20005,2014,4,"Atchison County, Kansas",11,229,229,236
20011,2014,1,"Bourbon County, Kansas",9,227,219,223
20011,2014,2,"Bourbon County, Kansas",9,247,247,227
20011,2014,3,"Bourbon County, Kansas",9,229,222,228
20011,2014,4,"Bourbon County, Kansas",10,248,230,226
20013,2014,1,"Brown County, Kansas",4,95,95,105
20013,2014,2,"Brown County, Kansas",4,94,111,110
20013,2014,3,"Brown County, Kansas",4,115,114,109
20013,2014,4,"Brown County, Kansas",4,112,108,112
20021,2014,1,"Cherokee County, Kansas",10,199,203,219
20021,2014,2,"Cherokee County, Kansas",10,236,242,243
20021,2014,3,"Cherokee County, Kansas",10,225,230,228
20021,2014,4,"Cherokee County, Kansas",11,213,217,216
20037,2014,1,"Crawford County, Kansas",25,820,848,906
20037,2014,2,"Crawford County, Kansas",26,898,870,845
20037,2014,3,"Crawford County, Kansas",27,867,863,883
20037,2014,4,"Crawford County, Kansas",27,854,849,832
20087,2014,1,"Jefferson County, Kansas",2,0,0,0
20087,2014,2,"Jefferson County, Kansas",2,0,0,0
20087,2014,3,"Jefferson County, Kansas",2,0,0,0
20087,2014,4,"Jefferson County, Kansas",3,0,0,0
20091,2014,1,"Johnson County, Kansas",387,7658,7611,7710
20091,2014,2,"Johnson County, Kansas",380,7885,8118,8289
20091,2014,3,"Johnson County, Kansas",379,8251,8143,8003
20091,2014,4,"Johnson County, Kansas",388,8015,8062,7992
20103,2014,1,"Leavenworth County, Kansas",31,579,567,591
20103,2014,2,"Leavenworth County, Kansas",31,614,615,607
20103,2014,3,"Leavenworth County, Kansas",31,626,649,635
20103,2014,4,"Leavenworth County, Kansas",32,635,705,671
20107,2014,1,"Linn County, Kansas",2,0,0,0
20107,2014,2,"Linn County, Kansas",2,0,0,0
20107,2014,3,"Linn County, Kansas",2,0,0,0
20107,2014,4,"Linn County, Kansas",2,0,0,0
20121,2014,1,"Miami County, Kansas",12,250,252,247
20121,2014,2,"Miami County, Kansas",12,0,0,0
20121,2014,3,"Miami County, Kansas",12,0,0,0
20121,2014,4,"Miami County, Kansas",12,0,0,0
20209,2014,1,"Wyandotte County, Kansas",98,1805,1818,1855
20209,2014,2,"Wyandotte County, Kansas",97,1905,1950,1953
20209,2014,3,"Wyandotte County, Kansas",97,1948,1927,1922
20209,2014,4,"Wyandotte County, Kansas",97,1890,1889,1865
29003,2014,1,"Andrew County, Missouri",6,76,80,87
29003,2014,2,"Andrew County, Missouri",6,87,86,89
29003,2014,3,"Andrew County, Missouri",5,90,80,80
29003,2014,4,"Andrew County, Missouri",5,68,69,68
29011,2014,1,"Barton County, Missouri",8,209,204,207
29011,2014,2,"Barton County, Missouri",8,237,241,243
29011,2014,3,"Barton County, Missouri",8,256,261,247
29011,2014,4,"Barton County, Missouri",8,228,232,219
29013,2014,1,"Bates County, Missouri",7,143,138,146
29013,2014,2,"Bates County, Missouri",7,168,175,180
29013,2014,3,"Bates County, Missouri",7,168,170,166
29013,2014,4,"Bates County, Missouri",7,160,156,154
29021,2014,1,"Buchanan County, Missouri",60,1424,1409,1465
29021,2014,2,"Buchanan County, Missouri",58,1392,1391,1413
29021,2014,3,"Buchanan County, Missouri",58,1417,1422,1409
29021,2014,4,"Buchanan County, Missouri",61,1409,1386,1363
29037,2014,1,"Cass County, Missouri",56,1069,1011,1055
29037,2014,2,"Cass County, Missouri",55,1069,1105,1125
29037,2014,3,"Cass County, Missouri",55,1122,1122,1101
29037,2014,4,"Cass County, Missouri",54,1059,1044,1014
29047,2014,1,"Clay County, Missouri",138,3179,3093,3229
29047,2014,2,"Clay County, Missouri",134,3271,3329,3371
29047,2014,3,"Clay County, Missouri",135,3342,3350,3358
29047,2014,4,"Clay County, Missouri",137,3348,3311,3344
29087,2014,1,"Holt County, Missouri",2,0,0,0
29087,2014,2,"Holt County, Missouri",2,0,0,0
29087,2014,3,"Holt County, Missouri",2,0,0,0
29087,2014,4,"Holt County, Missouri",2,0,0,0
29095,2014,1,"Jackson County, Missouri",528,10915,10670,10885
29095,2014,2,"Jackson County, Missouri",528,11362,11429,11469
29095,2014,3,"Jackson County, Missouri",529,11293,11312,11085
29095,2014,4,"Jackson County, Missouri",533,11199,11100,11159
29097,2014,1,"Jasper County, Missouri",100,1878,1861,1899
29097,2014,2,"Jasper County, Missouri",97,1950,1977,1926
29097,2014,3,"Jasper County, Missouri",99,1925,2011,2005
29097,2014,4,"Jasper County, Missouri",101,1960,1919,1949
29145,2014,1,"Newton County, Missouri",28,632,603,640
29145,2014,2,"Newton County, Missouri",27,658,673,650
29145,2014,3,"Newton County, Missouri",27,632,659,661
29145,2014,4,"Newton County, Missouri",27,645,630,618
29165,2014,1,"Platte County, Missouri",64,1302,1266,1313
29165,2014,2,"Platte County, Missouri",64,1383,1406,1407
29165,2014,3,"Platte County, Missouri",64,1364,1381,1331
29165,2014,4,"Platte County, Missouri",64,1286,1287,1355
29217,2014,1,"Vernon County, Missouri",13,235,234,241
29217,2014,2,"Vernon County, Missouri",13,261,269,267
29217,2014,3,"Vernon County, Missouri",13,240,246,249
29217,2014,4,"Vernon County, Missouri",13,253,261,277
20005,2015,1,"Atchison County, Kansas",11,231,231,248
20005,2015,2,"Atchison County, Kansas",11,245,254,246
20005,2015,3,"Atchison County, Kansas",11,247,256,248
20005,2015,4,"Atchison County, Kansas",11,238,233,237
20011,2015,1,"Bourbon County, Kansas",10,218,226,223
20011,2015,2,"Bourbon County, Kansas",10,214,230,231
20011,2015,3,"Bourbon County, Kansas",11,238,285,279
20011,2015,4,"Bourbon County, Kansas",10,252,252,240
20013,2015,1,"Brown County, Kansas",4,103,107,110
20013,2015,2,"Brown County, Kansas",4,116,114,113
20013,2015,3,"Brown County, Kansas",4,113,107,107
20013,2015,4,"Brown County, Kansas",4,115,108,110
20021,2015,1,"Cherokee County, Kansas",11,204,217,219
20021,2015,2,"Cherokee County, Kansas",12,234,239,236
20021,2015,3,"Cherokee County, Kansas",12,262,270,256
20021,2015,4,"Cherokee County, Kansas",12,253,262,251
20037,2015,1,"Crawford County, Kansas",27,784,786,810
20037,2015,2,"Crawford County, Kansas",25,805,780,776
20037,2015,3,"Crawford County, Kansas",25,741,730,739
20037,2015,4,"Crawford County, Kansas",26,781,763,765
20043,2015,1,"Doniphan County, Kansas",1,0,0,0
20043,2015,2,"Doniphan County, Kansas",1,0,0,0
20043,2015,3,"Doniphan County, Kansas",1,0,0,0
20043,2015,4,"Doniphan County, Kansas",1,0,0,0
20087,2015,1,"Jefferson County, Kansas",4,44,47,33
20087,2015,2,"Jefferson County, Kansas",4,0,0,0
20087,2015,3,"Jefferson County, Kansas",2,0,0,0
20087,2015,4,"Jefferson County, Kansas",2,0,0,0
20091,2015,1,"Johnson County, Kansas",403,7881,7863,7939
20091,2015,2,"Johnson County, Kansas",396,7923,8170,8337
20091,2015,3,"Johnson County, Kansas",393,8208,8122,7866
20091,2015,4,"Johnson County, Kansas",392,7920,7957,8006
20103,2015,1,"Leavenworth County, Kansas",34,664,667,664
20103,2015,2,"Leavenworth County, Kansas",33,692,723,693
20103,2015,3,"Leavenworth County, Kansas",33,686,693,667
20103,2015,4,"Leavenworth County, Kansas",33,663,652,647
20107,2015,1,"Linn County, Kansas",2,0,0,0
20107,2015,2,"Linn County, Kansas",2,0,0,0
20107,2015,3,"Linn County, Kansas",2,0,0,0
20107,2015,4,"Linn County, Kansas",2,0,0,0
20121,2015,1,"Miami County, Kansas",13,0,0,0
20121,2015,2,"Miami County, Kansas",14,0,0,0
20121,2015,3,"Miami County, Kansas",13,0,0,0
20121,2015,4,"Miami County, Kansas",13,0,0,0
20209,2015,1,"Wyandotte County, Kansas",104,1871,1841,1894
20209,2015,2,"Wyandotte County, Kansas",104,1964,1962,2023
20209,2015,3,"Wyandotte County, Kansas",102,2001,1990,1988
20209,2015,4,"Wyandotte County, Kansas",103,2025,1978,1922
29003,2015,1,"Andrew County, Missouri",3,0,0,0
29003,2015,2,"Andrew County, Missouri",3,0,0,0
29003,2015,3,"Andrew County, Missouri",2,0,0,0
29003,2015,4,"Andrew County, Missouri",2,0,0,0
29011,2015,1,"Barton County, Missouri",7,167,169,174
29011,2015,2,"Barton County, Missouri",7,193,197,191
29011,2015,3,"Barton County, Missouri",8,181,178,179
29011,2015,4,"Barton County, Missouri",7,181,175,179
29013,2015,1,"Bates County, Missouri",7,143,144,146
29013,2015,2,"Bates County, Missouri",7,148,156,162
29013,2015,3,"Bates County, Missouri",8,156,152,158
29013,2015,4,"Bates County, Missouri",7,155,152,150
29021,2015,1,"Buchanan County, Missouri",62,1315,1303,1340
29021,2015,2,"Buchanan County, Missouri",67,1357,1451,1423
29021,2015,3,"Buchanan County, Missouri",64,1441,1428,1388
29021,2015,4,"Buchanan County, Missouri",63,1431,1399,1402
29037,2015,1,"Cass County, Missouri",59,1181,1181,1228
29037,2015,2,"Cass County, Missouri",59,1225,1286,1252
29037,2015,3,"Cass County, Missouri",61,1250,1236,1217
29037,2015,4,"Cass County, Missouri",61,1223,1263,1309
29047,2015,1,"Clay County, Missouri",145,3346,3395,3460
29047,2015,2,"Clay County, Missouri",146,3455,3540,3679
29047,2015,3,"Clay County, Missouri",149,3799,3753,3651
29047,2015,4,"Clay County, Missouri",154,3591,3669,3668
29087,2015,1,"Holt County, Missouri",2,0,0,0
29087,2015,2,"Holt County, Missouri",2,0,0,0
29087,2015,3,"Holt County, Missouri",2,0,0,0
29087,2015,4,"Holt County, Missouri",2,0,0,0
29095,2015,1,"Jackson County, Missouri",552,11167,11130,11352
29095,2015,2,"Jackson County, Missouri",558,11636,11817,11779
29095,2015,3,"Jackson County, Missouri",558,11845,11717,11658
29095,2015,4,"Jackson County, Missouri",579,11735,11784,11899
29097,2015,1,"Jasper County, Missouri",111,2063,2053,2078
29097,2015,2,"Jasper County, Missouri",111,2199,2258,2227
29097,2015,3,"Jasper County, Missouri",117,2183,2205,2185
29097,2015,4,"Jasper County, Missouri",118,2223,2227,2205
29145,2015,1,"Newton County, Missouri",30,643,665,670
29145,2015,2,"Newton County, Missouri",29,764,754,737
29145,2015,3,"Newton County, Missouri",29,708,732,707
29145,2015,4,"Newton County, Missouri",30,711,700,703
29165,2015,1,"Platte County, Missouri",69,1380,1370,1408
29165,2015,2,"Platte County, Missouri",72,1462,1455,1487
29165,2015,3,"Platte County, Missouri",68,1488,1422,1408
29165,2015,4,"Platte County, Missouri",73,1409,1460,1486
29217,2015,1,"Vernon County, Missouri",14,250,244,251
29217,2015,2,"Vernon County, Missouri",14,251,267,271
29217,2015,3,"Vernon County, Missouri",14,261,261,254
29217,2015,4,"Vernon County, Missouri",14,245,248,248
20005,2016,1,"Atchison County, Kansas",10,233,236,249
20005,2016,2,"Atchison County, Kansas",10,240,220,219
20005,2016,3,"Atchison County, Kansas",9,214,215,222
20005,2016,4,"Atchison County, Kansas",9,221,226,224
20011,2016,1,"Bourbon County, Kansas",10,226,224,246
20011,2016,2,"Bourbon County, Kansas",10,248,244,242
20011,2016,3,"Bourbon County, Kansas",10,238,229,247
20011,2016,4,"Bourbon County, Kansas",10,239,233,234
20013,2016,1,"Brown County, Kansas",4,105,111,113
20013,2016,2,"Brown County, Kansas",4,110,116,115
20013,2016,3,"Brown County, Kansas",4,110,116,119
20013,2016,4,"Brown County, Kansas",4,118,110,109
20021,2016,1,"Cherokee County, Kansas",12,253,260,269
20021,2016,2,"Cherokee County, Kansas",15,271,265,257
20021,2016,3,"Cherokee County, Kansas",13,273,281,280
20021,2016,4,"Cherokee County, Kansas",12,259,254,246
20037,2016,1,"Crawford County, Kansas",24,591,596,771
20037,2016,2,"Crawford County, Kansas",24,794,728,713
20037,2016,3,"Crawford County, Kansas",24,698,685,675
20037,2016,4,"Crawford County, Kansas",24,679,670,669
20043,2016,1,"Doniphan County, Kansas",1,0,0,0
20043,2016,2,"Doniphan County, Kansas",1,0,0,0
20043,2016,3,"Doniphan County, Kansas",1,0,0,0
20043,2016,4,"Doniphan County, Kansas",1,0,0,0
20087,2016,1,"Jefferson County, Kansas",3,30,29,29
20087,2016,2,"Jefferson County, Kansas",3,0,0,0
20087,2016,3,"Jefferson County, Kansas",3,0,0,0
20087,2016,4,"Jefferson County, Kansas",4,0,0,0
20091,2016,1,"Johnson County, Kansas",397,8459,8430,8551
20091,2016,2,"Johnson County, Kansas",403,8598,8813,9098
20091,2016,3,"Johnson County, Kansas",407,8914,8833,8537
20091,2016,4,"Johnson County, Kansas",406,8657,8698,8672
20103,2016,1,"Leavenworth County, Kansas",33,640,655,669
20103,2016,2,"Leavenworth County, Kansas",33,685,730,719
20103,2016,3,"Leavenworth County, Kansas",33,724,726,705
20103,2016,4,"Leavenworth County, Kansas",32,703,684,684
20107,2016,1,"Linn County, Kansas",2,0,0,0
20107,2016,2,"Linn County, Kansas",2,0,0,0
20107,2016,3,"Linn County, Kansas",2,0,0,0
20107,2016,4,"Linn County, Kansas",2,0,0,0
20121,2016,1,"Miami County, Kansas",14,0,0,0
20121,2016,2,"Miami County, Kansas",14,0,0,0
20121,2016,3,"Miami County, Kansas",15,0,0,0
20121,2016,4,"Miami County, Kansas",15,0,0,0
20209,2016,1,"Wyandotte County, Kansas",106,1908,1909,1936
20209,2016,2,"Wyandotte County, Kansas",108,2056,2086,2092
20209,2016,3,"Wyandotte County, Kansas",111,2044,2080,1989
20209,2016,4,"Wyandotte County, Kansas",112,2039,2034,1951
29003,2016,1,"Andrew County, Missouri",2,0,0,0
29003,2016,2,"Andrew County, Missouri",2,0,0,0
29003,2016,3,"Andrew County, Missouri",2,0,0,0
29003,2016,4,"Andrew County, Missouri",2,0,0,0
29011,2016,1,"Barton County, Missouri",7,166,170,172
29011,2016,2,"Barton County, Missouri",7,175,172,167
29011,2016,3,"Barton County, Missouri",7,179,168,174
29011,2016,4,"Barton County, Missouri",7,180,178,179
29013,2016,1,"Bates County, Missouri",8,152,158,186
29013,2016,2,"Bates County, Missouri",8,187,172,175
29013,2016,3,"Bates County, Missouri",7,163,159,157
29013,2016,4,"Bates County, Missouri",7,166,166,160
29021,2016,1,"Buchanan County, Missouri",66,1425,1409,1461
29021,2016,2,"Buchanan County, Missouri",64,1503,1552,1539
29021,2016,3,"Buchanan County, Missouri",64,1467,1455,1472
29021,2016,4,"Buchanan County, Missouri",65,1484,1474,1537
29037,2016,1,"Cass County, Missouri",64,1277,1247,1291
29037,2016,2,"Cass County, Missouri",68,1325,1362,1342
29037,2016,3,"Cass County, Missouri",66,1323,1324,1289
29037,2016,4,"Cass County, Missouri",66,1269,1290,1296
29047,2016,1,"Clay County, Missouri",152,3461,3466,3542
29047,2016,2,"Clay County, Missouri",155,3638,3684,3760
29047,2016,3,"Clay County, Missouri",156,3680,3746,3607
29047,2016,4,"Clay County, Missouri",157,3617,3616,3617
29087,2016,1,"Holt County, Missouri",2,0,0,0
29087,2016,2,"Holt County, Missouri",2,0,0,0
29087,2016,3,"Holt County, Missouri",2,0,0,0
29087,2016,4,"Holt County, Missouri",2,0,0,0
29095,2016,1,"Jackson County, Missouri",567,11340,11276,11513
29095,2016,2,"Jackson County, Missouri",576,11938,12110,12155
29095,2016,3,"Jackson County, Missouri",565,11866,11826,11525
29095,2016,4,"Jackson County, Missouri",568,11673,11627,11713
29097,2016,1,"Jasper County, Missouri",119,2354,2397,2427
29097,2016,2,"Jasper County, Missouri",120,2455,2481,2493
29097,2016,3,"Jasper County, Missouri",119,2388,2398,2409
29097,2016,4,"Jasper County, Missouri",118,2360,2349,2335
29145,2016,1,"Newton County, Missouri",32,686,702,745
29145,2016,2,"Newton County, Missouri",32,765,791,802
29145,2016,3,"Newton County, Missouri",32,786,756,755
29145,2016,4,"Newton County, Missouri",32,705,705,709
29165,2016,1,"Platte County, Missouri",72,1434,1460,1447
29165,2016,2,"Platte County, Missouri",72,1504,1530,1559
29165,2016,3,"Platte County, Missouri",71,1506,1551,1489
29165,2016,4,"Platte County, Missouri",73,1530,1549,1518
29217,2016,1,"Vernon County, Missouri",13,244,236,250
29217,2016,2,"Vernon County, Missouri",13,260,262,262
29217,2016,3,"Vernon County, Missouri",13,266,270,265
29217,2016,4,"Vernon County, Missouri",13,269,265,266
20005,2017,1,"Atchison County, Kansas",9,220,225,230
20005,2017,2,"Atchison County, Kansas",9,225,239,233
20005,2017,3,"Atchison County, Kansas",9,228,214,211
20005,2017,4,"Atchison County, Kansas",10,212,224,204
20011,2017,1,"Bourbon County, Kansas",9,216,227,243
20011,2017,2,"Bourbon County, Kansas",9,258,271,292
20011,2017,3,"Bourbon County, Kansas",9,270,259,254
20011,2017,4,"Bourbon County, Kansas",9,230,223,215
20013,2017,1,"Brown County, Kansas",4,108,107,99
20013,2017,2,"Brown County, Kansas",4,117,112,112
20013,2017,3,"Brown County, Kansas",4,128,108,110
20013,2017,4,"Brown County, Kansas",4,116,103,106
20021,2017,1,"Cherokee County, Kansas",12,240,250,257
20021,2017,2,"Cherokee County, Kansas",12,250,260,261
20021,2017,3,"Cherokee County, Kansas",12,264,272,275
20021,2017,4,"Cherokee County, Kansas",12,248,253,257
20037,2017,1,"Crawford County, Kansas",24,594,592,616
20037,2017,2,"Crawford County, Kansas",24,611,580,546
20037,2017,3,"Crawford County, Kansas",24,565,573,590
20037,2017,4,"Crawford County, Kansas",24,610,600,575
20043,2017,1,"Doniphan County, Kansas",1,0,0,0
20043,2017,2,"Doniphan County, Kansas",1,0,0,0
20043,2017,3,"Doniphan County, Kansas",1,0,0,0
20043,2017,4,"Doniphan County, Kansas",1,0,0,0
20087,2017,1,"Jefferson County, Kansas",3,0,0,0
20087,2017,2,"Jefferson County, Kansas",3,0,0,0
20087,2017,3,"Jefferson County, Kansas",3,0,0,0
20087,2017,4,"Jefferson County, Kansas",3,22,21,25
20091,2017,1,"Johnson County, Kansas",428,8680,8628,8681
20091,2017,2,"Johnson County, Kansas",423,8547,8837,8987
20091,2017,3,"Johnson County, Kansas",421,9025,8905,8632
20091,2017,4,"Johnson County, Kansas",433,8627,8649,8701
20103,2017,1,"Leavenworth County, Kansas",33,684,672,696
20103,2017,2,"Leavenworth County, Kansas",34,707,721,720
20103,2017,3,"Leavenworth County, Kansas",33,736,747,729
20103,2017,4,"Leavenworth County, Kansas",35,747,754,719
20107,2017,1,"Linn County, Kansas",2,0,0,0
20107,2017,2,"Linn County, Kansas",3,0,0,0
20107,2017,3,"Linn County, Kansas",2,0,0,0
20107,2017,4,"Linn County, Kansas",2,0,0,0
20121,2017,1,"Miami County, Kansas",15,0,0,0
20121,2017,2,"Miami County, Kansas",16,0,0,0
20121,2017,3,"Miami County, Kansas",16,0,0,0
20121,2017,4,"Miami County, Kansas",17,0,0,0
20209,2017,1,"Wyandotte County, Kansas",117,2135,2178,2240
20209,2017,2,"Wyandotte County, Kansas",117,2219,2273,2263
20209,2017,3,"Wyandotte County, Kansas",118,2262,2255,2294
20209,2017,4,"Wyandotte County, Kansas",120,2316,2271,2251
29003,2017,1,"Andrew County, Missouri",2,0,0,0
29003,2017,2,"Andrew County, Missouri",2,0,0,0
29003,2017,3,"Andrew County, Missouri",3,0,0,0
29003,2017,4,"Andrew County, Missouri",3,0,0,0
29011,2017,1,"Barton County, Missouri",7,167,166,181
29011,2017,2,"Barton County, Missouri",7,184,187,190
29011,2017,3,"Barton County, Missouri",7,180,175,173
29011,2017,4,"Barton County, Missouri",7,177,169,166
29013,2017,1,"Bates County, Missouri",7,155,155,159
29013,2017,2,"Bates County, Missouri",7,166,174,171
29013,2017,3,"Bates County, Missouri",7,159,160,163
29013,2017,4,"Bates County, Missouri",7,161,165,167
29021,2017,1,"Buchanan County, Missouri",67,1551,1535,1598
29021,2017,2,"Buchanan County, Missouri",69,1606,1636,1612
29021,2017,3,"Buchanan County, Missouri",68,1580,1561,1550
29021,2017,4,"Buchanan County, Missouri",68,1550,1506,1498
29037,2017,1,"Cass County, Missouri",67,1312,1297,1335
29037,2017,2,"Cass County, Missouri",69,1345,1368,1389
29037,2017,3,"Cass County, Missouri",68,1319,1346,1306
29037,2017,4,"Cass County, Missouri",66,1309,1281,1233
29047,2017,1,"Clay County, Missouri",164,3585,3635,3680
29047,2017,2,"Clay County, Missouri",164,3755,3784,3826
29047,2017,3,"Clay County, Missouri",165,3797,3706,3649
29047,2017,4,"Clay County, Missouri",169,3624,3696,3751
29087,2017,1,"Holt County, Missouri",2,0,0,0
29087,2017,2,"Holt County, Missouri",2,0,0,0
29087,2017,3,"Holt County, Missouri",2,0,0,0
29087,2017,4,"Holt County, Missouri",2,0,0,0
29095,2017,1,"Jackson County, Missouri",573,11686,11732,11924
29095,2017,2,"Jackson County, Missouri",585,11975,12130,12277
29095,2017,3,"Jackson County, Missouri",582,12202,12105,12000
29095,2017,4,"Jackson County, Missouri",586,11991,11930,11997
29097,2017,1,"Jasper County, Missouri",120,2346,2381,2404
29097,2017,2,"Jasper County, Missouri",118,2477,2481,2465
29097,2017,3,"Jasper County, Missouri",117,2386,2404,2421
29097,2017,4,"Jasper County, Missouri",118,2389,2387,2394
29145,2017,1,"Newton County, Missouri",33,697,712,726
29145,2017,2,"Newton County, Missouri",31,703,689,701
29145,2017,3,"Newton County, Missouri",31,668,677,732
29145,2017,4,"Newton County, Missouri",30,729,706,693
29165,2017,1,"Platte County, Missouri",74,1526,1561,1659
29165,2017,2,"Platte County, Missouri",75,1675,1701,1714
29165,2017,3,"Platte County, Missouri",76,1681,1646,1645
29165,2017,4,"Platte County, Missouri",77,1628,1603,1627
29217,2017,1,"Vernon County, Missouri",13,258,261,287
29217,2017,2,"Vernon County, Missouri",14,277,278,279
29217,2017,3,"Vernon County, Missouri",14,279,275,269
29217,2017,4,"Vernon County, Missouri",13,272,270,262
20005,2018,1,"Atchison County, Kansas",10,230,228,220
20005,2018,2,"Atchison County, Kansas",10,230,233,229
20005,2018,3,"Atchison County, Kansas",10,225,227,229
20005,2018,4,"Atchison County, Kansas",9,221,216,219
20011,2018,1,"Bourbon County, Kansas",10,212,216,226
20011,2018,2,"Bourbon County, Kansas",10,234,235,241
20011,2018,3,"Bourbon County, Kansas",11,243,261,284
20011,2018,4,"Bourbon County, Kansas",12,279,266,256
20013,2018,1,"Brown County, Kansas",4,110,112,117
20013,2018,2,"Brown County, Kansas",4,123,130,128
20013,2018,3,"Brown County, Kansas",4,118,115,127
20013,2018,4,"Brown County, Kansas",4,122,116,114
20021,2018,1,"Cherokee County, Kansas",11,235,242,237
20021,2018,2,"Cherokee County, Kansas",10,258,252,257
20021,2018,3,"Cherokee County, Kansas",10,264,267,264
20021,2018,4,"Cherokee County, Kansas",10,234,228,228
20037,2018,1,"Crawford County, Kansas",23,499,503,529
20037,2018,2,"Crawford County, Kansas",23,532,508,502
20037,2018,3,"Crawford County, Kansas",22,473,495,511
20037,2018,4,"Crawford County, Kansas",24,553,540,584
20043,2018,1,"Doniphan County, Kansas",1,0,0,0
20043,2018,2,"Doniphan County, Kansas",1,0,0,0
20043,2018,3,"Doniphan County, Kansas",1,0,0,0
20043,2018,4,"Doniphan County, Kansas",1,0,0,0
20087,2018,1,"Jefferson County, Kansas",3,28,24,23
20087,2018,2,"Jefferson County, Kansas",3,23,23,22
20087,2018,3,"Jefferson County, Kansas",3,0,0,0
20087,2018,4,"Jefferson County, Kansas",3,0,0,0
20091,2018,1,"Johnson County, Kansas",420,8779,8738,8820
20091,2018,2,"Johnson County, Kansas",421,8814,8770,8960
20091,2018,3,"Johnson County, Kansas",417,9005,8836,8586
20091,2018,4,"Johnson County, Kansas",427,8603,8628,8683
20103,2018,1,"Leavenworth County, Kansas",38,711,720,752
20103,2018,2,"Leavenworth County, Kansas",38,750,781,791
20103,2018,3,"Leavenworth County, Kansas",38,759,756,780
20103,2018,4,"Leavenworth County, Kansas",37,722,733,730
20107,2018,1,"Linn County, Kansas",2,0,0,0
20107,2018,2,"Linn County, Kansas",2,0,0,0
20107,2018,3,"Linn County, Kansas",2,0,0,0
20107,2018,4,"Linn County, Kansas",2,0,0,0
20121,2018,1,"Miami County, Kansas",18,0,0,0
20121,2018,2,"Miami County, Kansas",18,0,0,0
20121,2018,3,"Miami County, Kansas",16,0,0,0
20121,2018,4,"Miami County, Kansas",16,0,0,0
20209,2018,1,"Wyandotte County, Kansas",118,2173,2179,2276
20209,2018,2,"Wyandotte County, Kansas",121,2251,2287,2288
20209,2018,3,"Wyandotte County, Kansas",119,2215,2258,2265
20209,2018,4,"Wyandotte County, Kansas",123,2201,2170,2127
29003,2018,1,"Andrew County, Missouri",3,42,42,46
29003,2018,2,"Andrew County, Missouri",3,0,0,0
29003,2018,3,"Andrew County, Missouri",3,47,45,48
29003,2018,4,"Andrew County, Missouri",3,0,0,0
29011,2018,1,"Barton County, Missouri",6,162,158,172
29011,2018,2,"Barton County, Missouri",6,180,183,184
29011,2018,3,"Barton County, Missouri",7,178,184,175
29011,2018,4,"Barton County, Missouri",6,178,185,177
29013,2018,1,"Bates County, Missouri",7,165,156,166
29013,2018,2,"Bates County, Missouri",7,178,175,178
29013,2018,3,"Bates County, Missouri",8,176,177,180
29013,2018,4,"Bates County, Missouri",7,163,160,156
29021,2018,1,"Buchanan County, Missouri",67,1444,1439,1488
29021,2018,2,"Buchanan County, Missouri",68,1508,1499,1541
29021,2018,3,"Buchanan County, Missouri",66,1484,1492,1457
29021,2018,4,"Buchanan County, Missouri",66,1447,1426,1406
29037,2018,1,"Cass County, Missouri",66,1253,1253,1289
29037,2018,2,"Cass County, Missouri",65,1296,1328,1385
29037,2018,3,"Cass County, Missouri",64,1371,1401,1360
29037,2018,4,"Cass County, Missouri",71,1326,1332,1334
29047,2018,1,"Clay County, Missouri",177,3842,3845,3891
29047,2018,2,"Clay County, Missouri",183,3942,4019,4049
29047,2018,3,"Clay County, Missouri",184,4000,4030,3913
29047,2018,4,"Clay County, Missouri",188,3942,3891,3946
29087,2018,1,"Holt County, Missouri",2,0,0,0
29087,2018,2,"Holt County, Missouri",2,0,0,0
29087,2018,3,"Holt County, Missouri",2,0,0,0
29087,2018,4,"Holt County, Missouri",2,0,0,0
29095,2018,1,"Jackson County, Missouri",571,11087,10995,11253
29095,2018,2,"Jackson County, Missouri",574,11348,11460,11688
29095,2018,3,"Jackson County, Missouri",587,11585,11479,11226
29095,2018,4,"Jackson County, Missouri",608,11197,11272,11194
29097,2018,1,"Jasper County, Missouri",117,2367,2395,2454
29097,2018,2,"Jasper County, Missouri",120,2490,2532,2542
29097,2018,3,"Jasper County, Missouri",125,2528,2541,2556
29097,2018,4,"Jasper County, Missouri",126,2520,2565,2548
29145,2018,1,"Newton County, Missouri",27,616,614,644
29145,2018,2,"Newton County, Missouri",27,648,655,645
29145,2018,3,"Newton County, Missouri",27,658,654,646
29145,2018,4,"Newton County, Missouri",28,634,636,629
29165,2018,1,"Platte County, Missouri",74,1552,1564,1587
29165,2018,2,"Platte County, Missouri",75,1551,1548,1553
29165,2018,3,"Platte County, Missouri",73,1512,1541,1472
29165,2018,4,"Platte County, Missouri",74,1483,1494,1500
29217,2018,1,"Vernon County, Missouri",15,0,0,0
29217,2018,2,"Vernon County, Missouri",14,297,305,303
29217,2018,3,"Vernon County, Missouri",14,296,287,282
29217,2018,4,"Vernon County, Missouri",12,0,0,0
20005,2019,1,"Atchison County, Kansas",9,219,214,213
20005,2019,2,"Atchison County, Kansas",9,217,231,230
20005,2019,3,"Atchison County, Kansas",9,234,221,222
20005,2019,4,"Atchison County, Kansas",8,229,233,234
20011,2019,1,"Bourbon County, Kansas",11,250,251,242
20011,2019,2,"Bourbon County, Kansas",12,253,241,242
20011,2019,3,"Bourbon County, Kansas",11,234,233,243
20011,2019,4,"Bourbon County, Kansas",11,228,234,232
20013,2019,1,"Brown County, Kansas",4,0,0,0
20013,2019,2,"Brown County, Kansas",4,101,108,107
20013,2019,3,"Brown County, Kansas",4,104,104,103
20013,2019,4,"Brown County, Kansas",4,0,0,0
20021,2019,1,"Cherokee County, Kansas",10,216,222,235
20021,2019,2,"Cherokee County, Kansas",10,248,255,254
20021,2019,3,"Cherokee County, Kansas",10,221,222,214
20021,2019,4,"Cherokee County, Kansas",10,209,218,221
20037,2019,1,"Crawford County, Kansas",21,586,568,571
20037,2019,2,"Crawford County, Kansas",21,592,588,570
20037,2019,3,"Crawford County, Kansas",22,544,556,570
20037,2019,4,"Crawford County, Kansas",24,574,561,554
20043,2019,1,"Doniphan County, Kansas",1,0,0,0
20043,2019,2,"Doniphan County, Kansas",1,0,0,0
20043,2019,3,"Doniphan County, Kansas",1,0,0,0
20043,2019,4,"Doniphan County, Kansas",1,0,0,0
20087,2019,1,"Jefferson County, Kansas",2,0,0,0
20087,2019,2,"Jefferson County, Kansas",1,0,0,0
20087,2019,3,"Jefferson County, Kansas",1,0,0,0
20087,2019,4,"Jefferson County, Kansas",1,0,0,0
20091,2019,1,"Johnson County, Kansas",414,8721,8660,8720
20091,2019,2,"Johnson County, Kansas",419,8685,8957,9242
20091,2019,3,"Johnson County, Kansas",424,9355,9434,9145
20091,2019,4,"Johnson County, Kansas",426,9020,9055,8936
20103,2019,1,"Leavenworth County, Kansas",36,688,685,692
20103,2019,2,"Leavenworth County, Kansas",34,673,695,733
20103,2019,3,"Leavenworth County, Kansas",35,751,751,765
20103,2019,4,"Leavenworth County, Kansas",35,735,709,707
20107,2019,1,"Linn County, Kansas",3,0,0,0
20107,2019,2,"Linn County, Kansas",3,34,34,29
20107,2019,3,"Linn County, Kansas",3,23,23,26
20107,2019,4,"Linn County, Kansas",3,0,0,0
20121,2019,1,"Miami County, Kansas",16,0,0,0
20121,2019,2,"Miami County, Kansas",16,336,333,357
20121,2019,3,"Miami County, Kansas",17,339,350,360
20121,2019,4,"Miami County, Kansas",17,0,0,0
20209,2019,1,"Wyandotte County, Kansas",119,2183,2183,2220
20209,2019,2,"Wyandotte County, Kansas",116,2232,2276,2312
20209,2019,3,"Wyandotte County, Kansas",115,2276,2280,2240
20209,2019,4,"Wyandotte County, Kansas",114,2182,2192,2165
29003,2019,1,"Andrew County, Missouri",4,68,67,64
29003,2019,2,"Andrew County, Missouri",4,67,70,69
29003,2019,3,"Andrew County, Missouri",4,69,64,71
29003,2019,4,"Andrew County, Missouri",4,73,68,67
29011,2019,1,"Barton County, Missouri",6,171,168,171
29011,2019,2,"Barton County, Missouri",6,174,180,188
29011,2019,3,"Barton County, Missouri",6,193,191,185
29011,2019,4,"Barton County, Missouri",6,182,177,176
29013,2019,1,"Bates County, Missouri",6,150,148,155
29013,2019,2,"Bates County, Missouri",6,169,171,182
29013,2019,3,"Bates County, Missouri",6,167,169,173
29013,2019,4,"Bates County, Missouri",6,165,161,163
29021,2019,1,"Buchanan County, Missouri",71,1497,1511,1537
29021,2019,2,"Buchanan County, Missouri",71,1591,1588,1574
29021,2019,3,"Buchanan County, Missouri",71,1545,1597,1546
29021,2019,4,"Buchanan County, Missouri",72,1557,1592,1597
29037,2019,1,"Cass County, Missouri",69,1331,1351,1352
29037,2019,2,"Cass County, Missouri",67,1366,1423,1407
29037,2019,3,"Cass County, Missouri",67,1403,1408,1388
29037,2019,4,"Cass County, Missouri",67,1395,1384,1386
29047,2019,1,"Clay County, Missouri",183,3831,3886,3872
29047,2019,2,"Clay County, Missouri",183,3889,3946,4070
29047,2019,3,"Clay County, Missouri",183,4048,4058,3943
29047,2019,4,"Clay County, Missouri",185,3987,3995,4028
29087,2019,1,"Holt County, Missouri",2,0,0,0
29087,2019,2,"Holt County, Missouri",2,0,0,0
29087,2019,3,"Holt County, Missouri",2,0,0,0
29087,2019,4,"Holt County, Missouri",2,0,0,0
29095,2019,1,"Jackson County, Missouri",594,11258,11219,11386
29095,2019,2,"Jackson County, Missouri",591,11408,11553,11705
29095,2019,3,"Jackson County, Missouri",585,11862,11940,11549
29095,2019,4,"Jackson County, Missouri",585,11537,11581,11526
29097,2019,1,"Jasper County, Missouri",124,2515,2527,2571
29097,2019,2,"Jasper County, Missouri",122,2615,2642,2673
29097,2019,3,"Jasper County, Missouri",122,2588,2657,2634
29097,2019,4,"Jasper County, Missouri",122,2658,2660,2645
29145,2019,1,"Newton County, Missouri",29,687,671,699
29145,2019,2,"Newton County, Missouri",29,689,700,708
29145,2019,3,"Newton County, Missouri",29,702,710,709
29145,2019,4,"Newton County, Missouri",30,708,702,698
29165,2019,1,"Platte County, Missouri",70,1465,1456,1461
29165,2019,2,"Platte County, Missouri",71,1464,1508,1537
29165,2019,3,"Platte County, Missouri",71,1541,1535,1486
29165,2019,4,"Platte County, Missouri",74,1533,1565,1572
29217,2019,1,"Vernon County, Missouri",12,244,247,251
29217,2019,2,"Vernon County, Missouri",13,262,247,246
29217,2019,3,"Vernon County, Missouri",11,246,249,231
29217,2019,4,"Vernon County, Missouri",11,243,241,241
20005,2020,1,"Atchison County, Kansas",9,229,220,228
20005,2020,2,"Atchison County, Kansas",8,197,202,218
20005,2020,3,"Atchison County, Kansas",8,232,221,224
20005,2020,4,"Atchison County, Kansas",8,223,220,212
20011,2020,1,"Bourbon County, Kansas",11,207,206,213
20011,2020,2,"Bourbon County, Kansas",11,188,215,224
20011,2020,3,"Bourbon County, Kansas",11,215,209,207
20011,2020,4,"Bourbon County, Kansas",11,196,197,203
20013,2020,1,"Brown County, Kansas",4,93,88,97
20013,2020,2,"Brown County, Kansas",4,89,97,105
20013,2020,3,"Brown County, Kansas",4,102,101,109
20013,2020,4,"Brown County, Kansas",4,100,101,100
20021,2020,1,"Cherokee County, Kansas",10,213,213,218
20021,2020,2,"Cherokee County, Kansas",10,184,203,221
20021,2020,3,"Cherokee County, Kansas",10,232,237,237
20021,2020,4,"Cherokee County, Kansas",10,233,237,231
20037,2020,1,"Crawford County, Kansas",24,532,543,567
20037,2020,2,"Crawford County, Kansas",24,485,520,535
20037,2020,3,"Crawford County, Kansas",24,533,554,546
20037,2020,4,"Crawford County, Kansas",24,551,532,530
20043,2020,1,"Doniphan County, Kansas",1,0,0,0
20043,2020,2,"Doniphan County, Kansas",1,0,0,0
20043,2020,3,"Doniphan County, Kansas",1,0,0,0
20043,2020,4,"Doniphan County, Kansas",1,0,0,0
20087,2020,1,"Jefferson County, Kansas",2,0,0,0
20087,2020,2,"Jefferson County, Kansas",2,0,0,0
20087,2020,3,"Jefferson County, Kansas",2,0,0,0
20087,2020,4,"Jefferson County, Kansas",2,0,0,0
20091,2020,1,"Johnson County, Kansas",429,9198,9105,9081
20091,2020,2,"Johnson County, Kansas",423,7011,8012,8657
20091,2020,3,"Johnson County, Kansas",427,8736,8658,8558
20091,2020,4,"Johnson County, Kansas",428,8549,8428,8482
20103,2020,1,"Leavenworth County, Kansas",36,714,721,724
20103,2020,2,"Leavenworth County, Kansas",35,632,694,729
20103,2020,3,"Leavenworth County, Kansas",35,731,724,733
20103,2020,4,"Leavenworth County, Kansas",35,724,707,737
20107,2020,1,"Linn County, Kansas",3,23,23,26
20107,2020,2,"Linn County, Kansas",3,22,27,29
20107,2020,3,"Linn County, Kansas",3,0,0,0
20107,2020,4,"Linn County, Kansas",3,0,0,0
20121,2020,1,"Miami County, Kansas",16,328,326,330
20121,2020,2,"Miami County, Kansas",16,306,329,333
20121,2020,3,"Miami County, Kansas",16,338,346,343
20121,2020,4,"Miami County, Kansas",16,329,331,316
20209,2020,1,"Wyandotte County, Kansas",111,2150,2157,2139
20209,2020,2,"Wyandotte County, Kansas",108,1830,2016,2083
20209,2020,3,"Wyandotte County, Kansas",108,2119,2073,2101
20209,2020,4,"Wyandotte County, Kansas",107,2052,2053,2065
29003,2020,1,"Andrew County, Missouri",4,68,78,70
29003,2020,2,"Andrew County, Missouri",4,61,66,71
29003,2020,3,"Andrew County, Missouri",4,62,62,74
29003,2020,4,"Andrew County, Missouri",4,65,65,63
29011,2020,1,"Barton County, Missouri",7,206,210,214
29011,2020,2,"Barton County, Missouri",7,197,211,217
29011,2020,3,"Barton County, Missouri",7,225,228,220
29011,2020,4,"Barton County, Missouri",7,211,211,207
29013,2020,1,"Bates County, Missouri",6,156,158,170
29013,2020,2,"Bates County, Missouri",6,158,168,176
29013,2020,3,"Bates County, Missouri",6,160,160,158
29013,2020,4,"Bates County, Missouri",6,157,158,165
29021,2020,1,"Buchanan County, Missouri",73,1656,1664,1667
29021,2020,2,"Buchanan County, Missouri",73,1397,1532,1562
29021,2020,3,"Buchanan County, Missouri",75,1611,1660,1586
29021,2020,4,"Buchanan County, Missouri",75,1611,1642,1626
29037,2020,1,"Cass County, Missouri",69,1367,1413,1399
29037,2020,2,"Cass County, Missouri",67,1128,1281,1403
29037,2020,3,"Cass County, Missouri",69,1395,1419,1446
29037,2020,4,"Cass County, Missouri",70,1379,1365,1389
29047,2020,1,"Clay County, Missouri",185,4151,4090,4110
29047,2020,2,"Clay County, Missouri",184,3331,3755,4068
29047,2020,3,"Clay County, Missouri",187,4120,4101,4077
29047,2020,4,"Clay County, Missouri",190,4128,4103,4082
29087,2020,1,"Holt County, Missouri",2,0,0,0
29087,2020,2,"Holt County, Missouri",2,0,0,0
29087,2020,3,"Holt County, Missouri",2,0,0,0
29087,2020,4,"Holt County, Missouri",2,0,0,0
29095,2020,1,"Jackson County, Missouri",610,11554,11588,11579
29095,2020,2,"Jackson County, Missouri",583,8964,10133,10942
29095,2020,3,"Jackson County, Missouri",597,11355,11293,11099
29095,2020,4,"Jackson County, Missouri",602,11267,11091,11191
29097,2020,1,"Jasper County, Missouri",126,2561,2548,2673
29097,2020,2,"Jasper County, Missouri",125,2190,2525,2657
29097,2020,3,"Jasper County, Missouri",125,2616,2638,2614
29097,2020,4,"Jasper County, Missouri",124,2642,2581,2612
29145,2020,1,"Newton County, Missouri",30,698,705,711
29145,2020,2,"Newton County, Missouri",30,590,645,658
29145,2020,3,"Newton County, Missouri",31,668,647,650
29145,2020,4,"Newton County, Missouri",31,656,656,646
29165,2020,1,"Platte County, Missouri",77,1568,1543,1562
29165,2020,2,"Platte County, Missouri",77,1220,1368,1499
29165,2020,3,"Platte County, Missouri",79,1532,1518,1516
29165,2020,4,"Platte County, Missouri",77,1552,1556,1545
29217,2020,1,"Vernon County, Missouri",11,225,227,227
29217,2020,2,"Vernon County, Missouri",11,201,214,230
29217,2020,3,"Vernon County, Missouri",11,225,226,234
29217,2020,4,"Vernon County, Missouri",11,233,232,245
20005,2021,1,"Atchison County, Kansas",8,211,207,213
20005,2021,2,"Atchison County, Kansas",8,226,223,228
20005,2021,3,"Atchison County, Kansas",8,206,199,205
20005,2021,4,"Atchison County, Kansas",8,217,209,208
20011,2021,1,"Bourbon County, Kansas",10,184,188,198
20011,2021,2,"Bourbon County, Kansas",10,192,193,214
20011,2021,3,"Bourbon County, Kansas",10,194,196,203
20011,2021,4,"Bourbon County, Kansas",10,198,196,195
20013,2021,1,"Brown County, Kansas",4,101,96,93
20013,2021,2,"Brown County, Kansas",4,96,96,94
20013,2021,3,"Brown County, Kansas",4,101,104,107
20013,2021,4,"Brown County, Kansas",4,96,103,100
20021,2021,1,"Cherokee County, Kansas",10,219,209,221
20021,2021,2,"Cherokee County, Kansas",10,233,231,227
20021,2021,3,"Cherokee County, Kansas",10,216,214,226
20021,2021,4,"Cherokee County, Kansas",10,223,216,224
20037,2021,1,"Crawford County, Kansas",24,532,538,557
20037,2021,2,"Crawford County, Kansas",23,582,575,580
20037,2021,3,"Crawford County, Kansas",24,538,517,592
20037,2021,4,"Crawford County, Kansas",24,592,595,597
20043,2021,1,"Doniphan County, Kansas",0,0,0,0
20043,2021,2,"Doniphan County, Kansas",1,0,0,0
20043,2021,3,"Doniphan County, Kansas",1,0,0,0
20043,2021,4,"Doniphan County, Kansas",1,0,0,0
20087,2021,1,"Jefferson County, Kansas",2,0,0,0
20087,2021,2,"Jefferson County, Kansas",2,0,0,0
20087,2021,3,"Jefferson County, Kansas",2,0,0,0
20087,2021,4,"Jefferson County, Kansas",2,0,0,0
20091,2021,1,"Johnson County, Kansas",434,8292,8291,8303
20091,2021,2,"Johnson County, Kansas",421,8241,8312,8680
20091,2021,3,"Johnson County, Kansas",422,8695,8549,8164
20091,2021,4,"Johnson County, Kansas",419,8033,8129,8349
20103,2021,1,"Leavenworth County, Kansas",36,728,711,742
20103,2021,2,"Leavenworth County, Kansas",34,723,767,739
20103,2021,3,"Leavenworth County, Kansas",36,789,650,650
20103,2021,4,"Leavenworth County, Kansas",33,638,631,618
20107,2021,1,"Linn County, Kansas",3,22,23,22
20107,2021,2,"Linn County, Kansas",3,24,20,31
20107,2021,3,"Linn County, Kansas",3,26,32,29
20107,2021,4,"Linn County, Kansas",2,0,0,0
20121,2021,1,"Miami County, Kansas",16,323,320,344
20121,2021,2,"Miami County, Kansas",16,325,315,357
20121,2021,3,"Miami County, Kansas",16,359,381,363
20121,2021,4,"Miami County, Kansas",16,378,377,376
20209,2021,1,"Wyandotte County, Kansas",115,2108,2046,2115
20209,2021,2,"Wyandotte County, Kansas",110,2069,2114,2176
20209,2021,3,"Wyandotte County, Kansas",114,2153,2182,2219
20209,2021,4,"Wyandotte County, Kansas",117,2243,2317,2245
29003,2021,1,"Andrew County, Missouri",5,64,65,63
29003,2021,2,"Andrew County, Missouri",5,141,120,123
29003,2021,3,"Andrew County, Missouri",5,112,117,117
29003,2021,4,"Andrew County, Missouri",5,114,109,106
29011,2021,1,"Barton County, Missouri",7,202,199,205
29011,2021,2,"Barton County, Missouri",7,213,211,219
29011,2021,3,"Barton County, Missouri",7,230,214,207
29011,2021,4,"Barton County, Missouri",7,209,205,210
29013,2021,1,"Bates County, Missouri",6,157,156,163
29013,2021,2,"Bates County, Missouri",6,157,160,172
29013,2021,3,"Bates County, Missouri",6,168,161,170
29013,2021,4,"Bates County, Missouri",6,158,155,161
29021,2021,1,"Buchanan County, Missouri",75,1582,1580,1604
29021,2021,2,"Buchanan County, Missouri",75,1576,1597,1614
29021,2021,3,"Buchanan County, Missouri",77,1644,1609,1624
29021,2021,4,"Buchanan County, Missouri",78,1621,1594,1598
29037,2021,1,"Cass County, Missouri",68,1327,1354,1403
29037,2021,2,"Cass County, Missouri",68,1362,1366,1461
29037,2021,3,"Cass County, Missouri",69,1501,1541,1531
29037,2021,4,"Cass County, Missouri",68,1417,1386,1411
29047,2021,1,"Clay County, Missouri",190,4054,4023,4048
29047,2021,2,"Clay County, Missouri",191,4111,4181,4282
29047,2021,3,"Clay County, Missouri",194,4272,4158,4068
29047,2021,4,"Clay County, Missouri",193,4015,4015,4010
29087,2021,1,"Holt County, Missouri",2,0,0,0
29087,2021,2,"Holt County, Missouri",2,0,0,0
29087,2021,3,"Holt County, Missouri",2,0,0,0
29087,2021,4,"Holt County, Missouri",1,0,0,0
29095,2021,1,"Jackson County, Missouri",593,11025,10885,11091
29095,2021,2,"Jackson County, Missouri",592,11044,11179,11473
29095,2021,3,"Jackson County, Missouri",598,11585,11430,11287
29095,2021,4,"Jackson County, Missouri",621,11292,11303,11451
29097,2021,1,"Jasper County, Missouri",121,2613,2584,2643
29097,2021,2,"Jasper County, Missouri",122,2695,2690,2766
29097,2021,3,"Jasper County, Missouri",124,2787,2709,2675
29097,2021,4,"Jasper County, Missouri",124,2673,2622,2648
29145,2021,1,"Newton County, Missouri",32,621,610,627
29145,2021,2,"Newton County, Missouri",33,632,643,647
29145,2021,3,"Newton County, Missouri",33,645,649,655
29145,2021,4,"Newton County, Missouri",35,658,662,675
29165,2021,1,"Platte County, Missouri",77,1469,1446,1470
29165,2021,2,"Platte County, Missouri",73,1464,1437,1483
29165,2021,3,"Platte County, Missouri",73,1533,1514,1447
29165,2021,4,"Platte County, Missouri",73,1424,1421,1429
29217,2021,1,"Vernon County, Missouri",11,227,236,241
29217,2021,2,"Vernon County, Missouri",11,240,245,245
29217,2021,3,"Vernon County, Missouri",12,250,254,343
29217,2021,4,"Vernon County, Missouri",12,333,332,315
20005,2022,1,"Atchison County, Kansas",8,208,200,205
20005,2022,2,"Atchison County, Kansas",8,199,202,192
20005,2022,3,"Atchison County, Kansas",8,207,212,195
20005,2022,4,"Atchison County, Kansas",8,209,220,212
20011,2022,1,"Bourbon County, Kansas",11,183,185,201
20011,2022,2,"Bourbon County, Kansas",10,203,200,202
20011,2022,3,"Bourbon County, Kansas",11,193,204,239
20011,2022,4,"Bourbon County, Kansas",11,227,221,214
20013,2022,1,"Brown County, Kansas",4,96,108,107
20013,2022,2,"Brown County, Kansas",4,93,103,107
20013,2022,3,"Brown County, Kansas",5,101,98,99
20013,2022,4,"Brown County, Kansas",5,93,101,104
20021,2022,1,"Cherokee County, Kansas",10,216,197,202
20021,2022,2,"Cherokee County, Kansas",10,232,244,238
20021,2022,3,"Cherokee County, Kansas",10,226,216,223
20021,2022,4,"Cherokee County, Kansas",11,242,243,235
20037,2022,1,"Crawford County, Kansas",25,626,622,646
20037,2022,2,"Crawford County, Kansas",25,641,652,639
20037,2022,3,"Crawford County, Kansas",25,632,634,650
20037,2022,4,"Crawford County, Kansas",26,645,655,678
20043,2022,1,"Doniphan County, Kansas",1,0,0,0
20043,2022,2,"Doniphan County, Kansas",1,0,0,0
20043,2022,3,"Doniphan County, Kansas",1,0,0,0
20043,2022,4,"Doniphan County, Kansas",1,0,0,0
20087,2022,1,"Jefferson County, Kansas",2,0,0,0
20087,2022,2,"Jefferson County, Kansas",2,0,0,0
20087,2022,3,"Jefferson County, Kansas",2,0,0,0
20087,2022,4,"Jefferson County, Kansas",2,0,0,0
20091,2022,1,"Johnson County, Kansas",420,8305,8416,8390
20091,2022,2,"Johnson County, Kansas",417,8370,8485,8749
20091,2022,3,"Johnson County, Kansas",427,8796,8660,8436
20091,2022,4,"Johnson County, Kansas",429,8423,8523,8661
20103,2022,1,"Leavenworth County, Kansas",35,649,675,685
20103,2022,2,"Leavenworth County, Kansas",34,697,698,711
20103,2022,3,"Leavenworth County, Kansas",35,706,720,684
20103,2022,4,"Leavenworth County, Kansas",35,685,670,653
20107,2022,1,"Linn County, Kansas",2,0,0,0
20107,2022,2,"Linn County, Kansas",2,0,0,0
20107,2022,3,"Linn County, Kansas",2,0,0,0
20107,2022,4,"Linn County, Kansas",2,0,0,0
20121,2022,1,"Miami County, Kansas",15,312,326,317
20121,2022,2,"Miami County, Kansas",15,323,321,317
20121,2022,3,"Miami County, Kansas",15,317,320,318
20121,2022,4,"Miami County, Kansas",15,300,312,298
20209,2022,1,"Wyandotte County, Kansas",113,2239,2255,2275
20209,2022,2,"Wyandotte County, Kansas",115,2270,2386,2371
20209,2022,3,"Wyandotte County, Kansas",114,2379,2372,2342
20209,2022,4,"Wyandotte County, Kansas",112,2299,2292,2237
29003,2022,1,"Andrew County, Missouri",5,102,96,98
29003,2022,2,"Andrew County, Missouri",5,106,105,103
29003,2022,3,"Andrew County, Missouri",5,96,104,100
29003,2022,4,"Andrew County, Missouri",5,106,101,96
29011,2022,1,"Barton County, Missouri",7,206,199,208
29011,2022,2,"Barton County, Missouri",7,225,225,228
29011,2022,3,"Barton County, Missouri",7,246,243,221
29011,2022,4,"Barton County, Missouri",7,210,207,210
29013,2022,1,"Bates County, Missouri",6,158,155,163
29013,2022,2,"Bates County, Missouri",6,152,156,174
29013,2022,3,"Bates County, Missouri",6,171,171,174
29013,2022,4,"Bates County, Missouri",6,163,166,168
29021,2022,1,"Buchanan County, Missouri",79,1547,1567,1609
29021,2022,2,"Buchanan County, Missouri",78,1610,1636,1626
29021,2022,3,"Buchanan County, Missouri",84,1609,1625,1625
29021,2022,4,"Buchanan County, Missouri",84,1731,1707,1707
29037,2022,1,"Cass County, Missouri",72,1455,1497,1532
29037,2022,2,"Cass County, Missouri",70,1477,1487,1498
29037,2022,3,"Cass County, Missouri",69,1473,1453,1475
29037,2022,4,"Cass County, Missouri",69,1415,1414,1405
29047,2022,1,"Clay County, Missouri",201,3952,4080,4110
29047,2022,2,"Clay County, Missouri",200,4163,4179,4258
29047,2022,3,"Clay County, Missouri",205,4310,4277,4195
29047,2022,4,"Clay County, Missouri",204,4154,4147,4093
29087,2022,1,"Holt County, Missouri",1,0,0,0
29087,2022,2,"Holt County, Missouri",1,0,0,0
29087,2022,3,"Holt County, Missouri",2,0,0,0
29087,2022,4,"Holt County, Missouri",1,0,0,0
29095,2022,1,"Jackson County, Missouri",623,11434,11562,11723
29095,2022,2,"Jackson County, Missouri",607,11803,11946,12071
29095,2022,3,"Jackson County, Missouri",610,11909,11703,11604
29095,2022,4,"Jackson County, Missouri",612,11532,11582,11656
29097,2022,1,"Jasper County, Missouri",125,2633,2705,2793
29097,2022,2,"Jasper County, Missouri",125,2830,2803,2822
29097,2022,3,"Jasper County, Missouri",126,2833,2907,2733
29097,2022,4,"Jasper County, Missouri",128,2764,2736,2787
29145,2022,1,"Newton County, Missouri",34,644,657,658
29145,2022,2,"Newton County, Missouri",35,668,683,688
29145,2022,3,"Newton County, Missouri",35,695,702,733
29145,2022,4,"Newton County, Missouri",35,672,676,667
29165,2022,1,"Platte County, Missouri",74,1480,1529,1519
29165,2022,2,"Platte County, Missouri",76,1508,1561,1589
29165,2022,3,"Platte County, Missouri",76,1631,1641,1605
29165,2022,4,"Platte County, Missouri",76,1575,1564,1578
29217,2022,1,"Vernon County, Missouri",11,295,289,282
29217,2022,2,"Vernon County, Missouri",11,296,304,298
29217,2022,3,"Vernon County, Missouri",11,291,296,301
29217,2022,4,"Vernon County, Missouri",11,295,302,302
20005,2023,1,"Atchison County, Kansas",8,208,212,214
20011,2023,1,"Bourbon County, Kansas",11,210,206,208
20013,2023,1,"Brown County, Kansas",5,91,94,94
20021,2023,1,"Cherokee County, Kansas",11,231,235,242
20037,2023,1,"Crawford County, Kansas",25,630,641,652
20043,2023,1,"Doniphan County, Kansas",1,0,0,0
20087,2023,1,"Jefferson County, Kansas",3,10,17,17
20091,2023,1,"Johnson County, Kansas",443,8861,8817,8980
20103,2023,1,"Leavenworth County, Kansas",37,725,723,763
20107,2023,1,"Linn County, Kansas",2,0,0,0
20121,2023,1,"Miami County, Kansas",16,295,292,293
20209,2023,1,"Wyandotte County, Kansas",113,2153,2137,2206
29003,2023,1,"Andrew County, Missouri",5,97,103,104
29011,2023,1,"Barton County, Missouri",7,204,202,203
29013,2023,1,"Bates County, Missouri",6,154,160,174
29021,2023,1,"Buchanan County, Missouri",82,1705,1710,1769
29037,2023,1,"Cass County, Missouri",70,1443,1423,1423
29047,2023,1,"Clay County, Missouri",209,4199,4188,4278
29087,2023,1,"Holt County, Missouri",1,0,0,0
29095,2023,1,"Jackson County, Missouri",615,11371,11283,11479
29097,2023,1,"Jasper County, Missouri",127,2583,2534,2579
29145,2023,1,"Newton County, Missouri",36,793,771,786
29165,2023,1,"Platte County, Missouri",78,1591,1616,1597
29217,2023,1,"Vernon County, Missouri",11,293,287,292
